symbol,current_price,target-price,difference
A,98.3,81.5,-16.799999999999997
AA,14.6,12.5,-2.0999999999999996
AAAU,19.32,0,-19.32
AACG,1.13,0,-1.13
AACQU,10.03,0,-10.03
AADR,56.31,0,-56.31
AAL,12.16,13,0.8399999999999999
AAMC,18.5,0,-18.5
AAME,2.04,0,-2.04
AAN,56.72,30,-26.72
AAOI,11.65,8.6,-3.0500000000000007
AAON,58.58,42.5,-16.08
AAP,156.11,133,-23.110000000000014
AAPL,497.48,400,-97.48000000000002
AAT,24.99,28,3.0100000000000016
AAU,0.7099,0,-0.7099
AAWW,57.72,51,-6.719999999999999
AAXJ,76.94,0,-76.94
AAXN,82.61,102,19.39
AB,28.65,30,1.3500000000000014
ABB,25.84,26.5,0.6600000000000001
ABBV,94.86,107,12.14
ABC,98.15,102,3.8499999999999943
ABCB,23.73,28.5,4.77
ABEO,2.47,8,5.529999999999999
ABEQ,23.4,0,-23.4
ABEV,2.33,3.5,1.17
ABG,103.09,102,-1.0900000000000034
ABIO,5.58,7,1.42
ABM,37.22,45,7.780000000000001
ABMD,307.57,220,-87.57
ABR,11.1,9.5,-1.5999999999999996
ABR-C,0,0,0
ABT,102.4,105,2.5999999999999943
ABTX,24.67,27,2.3299999999999983
ABUS,3.18,9,5.82
AC,38.01,0,-38.01
ACA,45.32,48,2.6799999999999997
ACAD,38.32,58,19.68
ACAM,10.1,0,-10.1
ACAMU,10.3,0,-10.3
ACAMW,0.9,0,-0.9
ACB,9.41,0,-9.41
ACBI,10.85,14.5,3.6500000000000004
ACC,32.53,38,5.469999999999999
ACCD,39.69,0,-39.69
ACCO,6.74,12,5.26
ACEL,12.19,11.5,-0.6899999999999995
ACER,2.72,10,7.279999999999999
ACES,51.5,0,-51.5
ACEVU,9.97,0,-9.97
ACGL,30.9,39,8.100000000000001
ACGLO,26.27,0,-26.27
ACGLP,25.62,0,-25.62
ACH,6.66,14.51,7.85
ACHC,29.61,33,3.3900000000000006
ACHV,8.45,2,-6.449999999999999
ACI,14.9,0,-14.9
ACIA,67.71,70,2.2900000000000063
ACIO,26.89,0,-26.89
ACIU,7.69,12.05,4.36
ACIW,29.71,35,5.289999999999999
ACLS,24.55,27,2.4499999999999993
ACM,38.28,45,6.719999999999999
ACMR,96.17,45,-51.17
ACN,237.49,185,-52.49000000000001
ACNB,21.4,0,-21.4
ACND=,0,0,0
ACOR,0.61,2,1.3900000000000001
ACP,10.67,0,-10.67
ACRE,9.6,9.5,-0.09999999999999964
ACRS,2.55,5,2.45
ACRX,1.37,7,5.63
ACSG,27.594,0,-27.594
ACSI,37.677,0,-37.677
ACST,0.77,2.52,1.75
ACT,25.695,0,-25.695
ACTG,3.92,6.5,2.58
ACU,23.99,25.5,1.5100000000000016
ACV,26.57,37.5,10.93
ACWF,30.096,0,-30.096
ACWI,80.62,0,-80.62
ACWV,92.34,0,-92.34
ACWX,46.45,0,-46.45
ACY,2.34,10.5,8.16
ADAP,8.43,4,-4.43
ADBE,473.22,435,-38.22000000000003
ADC,66.9,75,8.099999999999994
ADCT,42.52,12.75,-29.770000000000003
ADES,4.11,18.5,14.39
ADI,116.02,136,19.980000000000004
ADIL,1.46,5,3.54
ADILW,0.3101,0,-0.3101
ADM,43.59,47,3.4099999999999966
ADMA,2.52,11,8.48
ADME,0,0,0
ADMP,0.89,1.25,0.36
ADMS,4.51,7.25,2.74
ADNT,17.36,20,2.6400000000000006
ADP,138.08,153,14.919999999999987
ADPT,43.24,50,6.759999999999998
ADRE,45.96,0,-45.96
ADRO,3.05,3.75,0.7000000000000002
ADS,43.19,57,13.810000000000002
ADSK,248.27,205,-43.27000000000001
ADSW,30.14,30.15,0.00999999999999801
ADT,11.46,8,-3.460000000000001
ADTN,11.57,13,1.4299999999999997
ADTX,4.07,0,-4.07
ADUS,95.94,102.5,6.560000000000002
ADVM,12.97,17,4.029999999999999
ADX,16.37,0,-16.37
ADXN,14.1,0,-14.1
ADXS,0.462,5,4.538
AE,22.71,27.28,4.57
AEB,24.53,0,-24.53
AEE,80.72,85.5,4.780000000000001
AEF,6.66,0,-6.66
AEFC,25.6,0,-25.6
AEG,2.64,3.21,0.5699999999999998
AEGN,16.14,16.75,0.6099999999999994
AEHR,1.9,3,1.1
AEIS,75.01,56,-19.010000000000005
AEL,23.67,23,-0.6700000000000017
AEM,79.5,72.5,-7.0
AEMD,1.52,13,11.48
AEO,10.74,13,2.26
AEP,79.08,93,13.920000000000002
AER,29.09,50,20.91
AERI,11.4,36,24.6
AES,18.02,17,-1.0199999999999996
AESE,1.78,4,2.2199999999999998
AESR,11.014,0,-11.014
AEY,2.34,7.6,5.26
AEYE,21.28,10,-11.280000000000001
AEZS,0.5,4.5,4.0
AFB,13.62,0,-13.62
AFC,25.86,0,-25.86
AFG,65,74,9
AFGB,28.16,0,-28.16
AFGC,27.01,0,-27.01
AFGD,27.34,0,-27.34
AFGH,25.42,0,-25.42
AFH,0.387,2.25,1.863
AFI,3.82,1.75,-2.07
AFIB,27.66,0,-27.66
AFIF,9.84,0,-9.84
AFIN,6.96,13,6.04
AFINP,24.27,0,-24.27
AFK,17.41,0,-17.41
AFL,36.42,42,5.579999999999998
AFLG,20.509,0,-20.509
AFMC,18.239,0,-18.239
AFMD,3.83,6.05,2.2199999999999998
AFSM,18.368,0,-18.368
AFT,12.74,0,-12.74
AFTY,19.074,0,-19.074
AFYA,24.44,23.48,-0.9600000000000009
AG,11.55,8.66,-2.8900000000000006
AGBA,10.3,0,-10.3
AGBAR,0.24,0,-0.24
AGBAU,10.7,0,-10.7
AGBAW,0.1704,0,-0.1704
AGCO,72.05,58.5,-13.549999999999997
AGD,9.41,0,-9.41
AGE,0.966,0,-0.966
AGEN,4.22,5.5,1.2800000000000002
AGFS,2.31,5.75,3.44
AGG,118.68,0,-118.68
AGGP,19.905,0,-19.905
AGGY,54.2,0,-54.2
AGI,10.05,8.78,-1.2700000000000014
AGIO,39.57,70,30.43
AGLE,6.51,16,9.49
AGM,67.23,87,19.769999999999996
AGM-A,62,0,-62
AGM-C,0,0,0
AGM-D,0,0,0
AGM-E,0,0,0
AGM.A,62,0,-62
AGMH,14.66,0,-14.66
AGNC,14.01,14,-0.009999999999999787
AGNCM,23.72,0,-23.72
AGNCN,24.73,0,-24.73
AGNCO,23.526,0,-23.526
AGNCP,22.74,0,-22.74
AGO,21.78,50,28.22
AGO-E,0,0,0
AGO-F,0,0,0
AGQ,57.25,0,-57.25
AGR,49.47,46,-3.469999999999999
AGRO,5.05,6.5,1.4500000000000002
AGRX,2.91,8,5.09
AGS,4.02,6,1.9800000000000004
AGT,22.1,0,-22.1
AGTC,5.53,14.5,8.969999999999999
AGX,42.02,53,10.979999999999997
AGYS,25.11,24.5,-0.6099999999999994
AGZ,121.46,0,-121.46
AGZD,47.13,0,-47.13
AHC,1.57,3,1.43
AHCO,21.27,23.75,2.4800000000000004
AHH,9.9,11,1.0999999999999996
AHL-C,0,0,0
AHL-D,0,0,0
AHL-E,0,0,0
AHPI,7.34,4.51,-2.83
AHT,3.08,1.5,-1.58
AHT-D,0,0,0
AHT-F,0,0,0
AHT-G,0,0,0
AHT-H,0,0,0
AHT-I,0,0,0
AI,2.72,3.5,0.7799999999999998
AI-C,0,0,0
AIA,71.82,0,-71.82
AIC,24.03,0,-24.03
AIEQ,31.225,0,-31.225
AIF,12.66,0,-12.66
AIG,28.27,36,7.73
AIH,4.83,8.97,4.140000000000001
AIHS,0.4317,0,-0.4317
AIIQ,27.902,0,-27.902
AIKI,0.72,0,-0.72
AIM,2.4,6.5,4.1
AIMC,38.32,36,-2.3200000000000003
AIMT,12.52,35,22.48
AIN,49.91,61,11.090000000000003
AINC,6.11,13.5,7.39
AINV,9.02,8.5,-0.5199999999999996
AIO,21.36,0,-21.36
AIQ,22.895,0,-22.895
AIR,18.8,25,6.199999999999999
AIRG,13.23,11,-2.2300000000000004
AIRI,1.23,2.5,1.27
AIRR,26.5211,0,-26.5211
AIRT,11.6,0,-11.6
AIRTP,21.5,0,-21.5
AIRTW,0.0465,0,-0.0465
AIT,59.87,60,0.13000000000000256
AIV,35.17,40.5,5.329999999999998
AIW,24.18,0,-24.18
AIZ,120.64,145,24.36
AIZP,120,0,-120
AJG,103.47,106,2.530000000000001
AJRD,41.86,54.5,12.64
AJX,9.76,11.5,1.7400000000000002
AJXA,24.5,0,-24.5
AKAM,110.645,116,5.355000000000004
AKBA,9.91,15,5.09
AKCA,11.79,29,17.21
AKER,5.25,4,-1.25
AKO.A,12.17,0,-12.17
AKO.B,13.6,18,4.4
AKR,11.46,13,1.5399999999999991
AKRO,34.54,56.5,21.96
AKTS,8.67,10,1.33
AKTX,1.75,5,3.25
AKUS,22.03,0,-22.03
AL,29.1,38,8.899999999999999
ALAC,10.78,0,-10.78
ALACR,0,0,0
ALACU,10.8,0,-10.8
ALACW,0.09,0,-0.09
ALB,89.74,68,-21.739999999999995
ALBO,30.09,52,21.91
ALC,58.61,64,5.390000000000001
ALCO,32.45,38,5.549999999999997
ALDX,7.34,29,21.66
ALE,54.28,65,10.719999999999999
ALEC,12.34,32,19.66
ALEX,12.25,19,6.75
ALFA,63.96,0,-63.96
ALG,110.82,123.5,12.680000000000007
ALGN,294.29,332.5,38.20999999999998
ALGT,115.63,135,19.370000000000005
ALIM,6.73,14.5,7.77
ALIN-E,0,0,0
ALJJ,0.8803,0,-0.8803
ALK,35.43,44,8.57
ALKS,17.07,18,0.9299999999999997
ALL,94.49,119,24.510000000000005
ALL-G,0,0,0
ALL-H,0,0,0
ALL-I,0,0,0
ALLE,100.27,99,-1.269999999999996
ALLK,87.97,93,5.030000000000001
ALLO,36.42,36,-0.4200000000000017
ALLT,10.96,14.5,3.539999999999999
ALLY,21.61,24,2.3900000000000006
ALNA,1.38,6.5,5.12
ALNY,136.6,142,5.400000000000006
ALOT,7.73,26,18.27
ALP-Q,0,0,0
ALPN,9.05,21.5,12.45
ALRM,58.76,62.5,3.740000000000002
ALRN,1.23,5,3.77
ALRS,20.75,18,-2.75
ALSK,2.17,3,0.8300000000000001
ALSN,35.68,44.5,8.82
ALT,24.04,13,-11.04
ALTA,19.75,24.5,4.75
ALTG,8.43,11,2.5700000000000003
ALTL,25.238,0,-25.238
ALTM,13.44,0.75,-12.69
ALTR,40.91,33.5,-7.409999999999997
ALTS,34.977,0,-34.977
ALTY,10.866,0,-10.866
ALUS,9.925,0,-9.925
ALUS=,0,0,0
ALV,69.3,66,-3.299999999999997
ALVR,31.76,0,-31.76
ALX,258.52,280,21.480000000000018
ALXN,100.51,140.5,39.989999999999995
ALXO,45.07,0,-45.07
ALYA,2.1,3.8,1.6999999999999997
AM,7.23,5,-2.2300000000000004
AMAG,10.49,9,-1.4900000000000002
AMAL,11.97,13.5,1.5299999999999994
AMAT,62.27,63,0.7299999999999969
AMBA,45.97,63,17.03
AMBC,12.58,21,8.42
AMBO,2.57,55.39,52.82
AMC,5.19,4,-1.1900000000000004
AMCA,28.1108,0,-28.1108
AMCI,10.27,0,-10.27
AMCIU,10.54,0,-10.54
AMCIW,0.4,0,-0.4
AMCR,11.11,9.25,-1.8599999999999994
AMCX,24.51,27,2.4899999999999984
AMD,83.81,55.5,-28.310000000000002
AME,100.24,95,-5.239999999999995
AMED,242.96,217,-25.960000000000008
AMEH,17.23,23,5.77
AMG,68.59,76.5,7.909999999999997
AMGN,237.64,259,21.360000000000014
AMH,28.69,26,-2.6900000000000013
AMH-D,0,0,0
AMH-E,0,0,0
AMH-F,0,0,0
AMH-G,0,0,0
AMH-H,0,0,0
AMHC,9.77,0,-9.77
AMHCU,10.2,0,-10.2
AMHCW,0.76,0,-0.76
AMJ,13.25,0,-13.25
AMK,23.85,26,2.1499999999999986
AMKR,12.59,10.75,-1.8399999999999999
AMLP,23.8,0,-23.8
AMN,51.26,60,8.740000000000002
AMNA,24.907,0,-24.907
AMNB,22.4,27,4.600000000000001
AMND,26.283,0,-26.283
AMOM,35.66,0,-35.66
AMOT,43.26,44,0.740000000000002
AMOV,12.5,0,-12.5
AMP,154.51,136,-18.50999999999999
AMPE,0.78,4.5,3.7199999999999998
AMPH,20.03,21.5,1.4699999999999989
AMPY,1.01,7,5.99
AMRB,10.25,12,1.75
AMRC,30.58,28,-2.5799999999999983
AMRH,1.52,0.5,-1.02
AMRHW,0.0589,0,-0.0589
AMRK,22.72,19,-3.719999999999999
AMRN,6.91,10.5,3.59
AMRS,3.39,10,6.609999999999999
AMRX,4.14,4,-0.13999999999999968
AMS,2.21,0,-2.21
AMSC,12.84,13,0.16000000000000014
AMSF,65.14,80,14.86
AMSWA,17.14,22,4.859999999999999
AMT,249.34,278,28.659999999999997
AMTB,13.14,15,1.8599999999999994
AMTBB,9.41,0,-9.41
AMTD,37.32,39,1.6799999999999997
AMTI,21.47,35,13.530000000000001
AMTX,2.14,2.25,0.10999999999999988
AMU,8.35,0,-8.35
AMUB,8.359,0,-8.359
AMWD,92.03,81,-11.030000000000001
AMX,12.68,17,4.32
AMYT,11.41,42.5,31.09
AMZA,17.4,0,-17.4
AMZN,3284.72,3000,-284.7199999999998
AN,58.1,55,-3.1000000000000014
ANAB,17.46,17,-0.46000000000000085
ANAT,72.21,87.04,14.830000000000013
ANCN,1.05,1,-0.050000000000000044
ANDA,10.29,0,-10.29
ANDAR,0.35,0,-0.35
ANDAU,10.72,0,-10.72
ANDAW,0.26,0,-0.26
ANDE,17.08,15,-2.0799999999999983
ANET,222.57,205,-17.569999999999993
ANF,10.11,13,2.8900000000000006
ANGI,13.9,17,3.0999999999999996
ANGL,30.3,20.5,-9.8
ANGO,9.02,14,4.98
ANH,1.72,2,0.28
ANH-C,0,0,0
ANIK,36.39,51,14.61
ANIP,31.24,48,16.76
ANIX,2.36,8.25,5.890000000000001
ANNX,24.6,0,-24.6
ANPC,5.97,18,12.030000000000001
ANSS,324.5,278,-46.5
ANTE,1.17,0,-1.17
ANTM,284.63,327.5,42.870000000000005
ANVS,4.98,0,-4.98
ANY,3.03,5,1.9700000000000002
AOA,58.49,0,-58.49
AOD,8.1,0,-8.1
AOK,37.4,0,-37.4
AOM,41.34,0,-41.34
AON,193.64,215.5,21.860000000000014
AOR,48.78,0,-48.78
AOS,48.95,40,-8.950000000000003
AOSL,12.96,11,-1.9600000000000009
AOUTV,0,0,0
AP,3.81,5,1.19
APA,14.26,14,-0.2599999999999998
APAM,37.61,38,0.39000000000000057
APD,286.44,265,-21.439999999999998
APDN,9.3,21.5,12.2
APEI,32.81,33,0.18999999999999773
APEN,1.43,5.5,4.07
APEX,0.73,0.65,-0.07999999999999996
APG,14.97,0,-14.97
APH,108.24,95,-13.239999999999995
APHA,4.48,0,-4.48
API,45.5,0,-45.5
APLE,9.39,13,3.6099999999999994
APLS,30.32,54,23.68
APLT,24.69,60,35.31
APM,2.84,23,20.16
APO,47.03,43,-4.030000000000001
APOG,21.54,25.5,3.960000000000001
APOP,2.76,12,9.24
APOPW,0.0777,0,-0.0777
APPF,167.15,88,-79.15
APPN,53.62,39.5,-14.119999999999997
APPS,28.04,12.25,-15.79
APRE,28.64,40.5,11.86
APRN,8.59,9.5,0.9100000000000001
APT,15.91,2.5,-13.41
APTO,4.98,4.89,-0.09000000000000075
APTS,6.68,8,1.3200000000000003
APTV,83.88,86,2.1200000000000045
APTX,3.88,9,5.12
APVO,8.81,31,22.189999999999998
APWC,1.1,0,-1.1
APXT,10.04,0,-10.04
APXTU,10.8,0,-10.8
APXTW,1.36,0,-1.36
APYX,5.07,7.5,2.4299999999999997
AQB,2.98,5,2.02
AQMS,1.01,2,0.99
AQN,13.98,0,-13.98
AQNA,27.83,0,-27.83
AQNB,27.13,0,-27.13
AQST,8.21,15.5,7.289999999999999
AQUA,20.12,14,-6.120000000000001
AR,3.66,3,-0.6600000000000001
ARA,6.63,7,0.3700000000000001
ARAV,6.14,28,21.86
ARAY,2.42,7,4.58
ARB,25.543,0,-25.543
ARC,1.24,3.5,2.26
ARCB,32.13,24,-8.130000000000003
ARCC,14.24,15.5,1.2599999999999998
ARCE,41.08,55.95,14.870000000000005
ARCH,32.06,50,17.939999999999998
ARCM,100.675,0,-100.675
ARCO,4.49,6,1.5099999999999998
ARCT,62.65,64,1.3500000000000014
ARD,14.89,17,2.1099999999999994
ARDC,12.65,0,-12.65
ARDS,6.41,18,11.59
ARDX,5.915,13,7.085
ARE,170.69,172.5,1.8100000000000023
AREC,1.29,1.75,0.45999999999999996
ARES,39.75,44,4.25
ARGD,25.86,1.6,-24.259999999999998
ARGO,34.82,42,7.18
ARGT,25.74,0,-25.74
ARGX,236.18,236.56,0.37999999999999545
ARI,8.95,11,2.0500000000000007
ARKF,38.77,0,-38.77
ARKG,62.97,128.01,65.03999999999999
ARKK,89.83,700,610.17
ARKQ,55.74,0,-55.74
ARKR,9.41,17,7.59
ARKW,105.04,17,-88.04
ARL,9.01,0,-9.01
ARLO,6.42,4,-2.42
ARLP,3.28,7,3.72
ARMK,24.04,30,5.960000000000001
ARMP,3.26,9,5.74
ARMR,19.401,0,-19.401
ARNA,66.79,77,10.209999999999994
ARNC,22.29,15,-7.289999999999999
AROC,6.7,8.5,1.7999999999999998
AROW,28.76,30,1.2399999999999984
ARPO,1.54,1,-0.54
ARQT,28.2,43,14.8
ARR,9.57,9,-0.5700000000000003
ARR-C,0,0,0
ARTL,0.94,8,7.0600000000000005
ARTLW,0,0,0
ARTNA,35.41,46,10.590000000000003
ARTW,2.31,7,4.6899999999999995
ARVN,25.4,59,33.6
ARW,75.26,70,-5.260000000000005
ARWR,42.49,60,17.509999999999998
ARYA,10.4,0,-10.4
ARYB,10.2,0,-10.2
ARYBU,10.84,0,-10.84
ARYBW,1.9,0,-1.9
ASA,22.51,0,-22.51
ASB,13.2,15,1.8000000000000007
ASB-C,0,0,0
ASB-D,0,0,0
ASB-E,0,0,0
ASB-F,0,0,0
ASC,3.93,10,6.07
ASEA,12.47,0,-12.47
ASET,27.079,0,-27.079
ASFI,13.03,8,-5.029999999999999
ASG,7.53,0,-7.53
ASGI,19.41,0,-19.41
ASGN,70.4,66,-4.400000000000006
ASH,75.23,85,9.769999999999996
ASHR,34.45,0,-34.45
ASHS,35.1536,0,-35.1536
ASHX,25.598,0,-25.598
ASIX,13.19,19.5,6.3100000000000005
ASLN,1.66,5.5,3.84
ASM,1.18,2.98,1.8
ASMB,21.81,33,11.190000000000001
ASML,372.12,310,-62.120000000000005
ASND,140.65,179.56,38.91
ASPN,8.43,10,1.5700000000000003
ASPS,10.05,15,4.949999999999999
ASPU,12.01,13.5,1.4900000000000002
ASR,109.42,158,48.58
ASRT,0.8244,1.35,0.5256000000000001
ASRV,2.93,5.19,2.2600000000000002
ASRVP,28.92,0,-28.92
ASTC,2.62,25,22.38
ASTE,52.28,44,-8.280000000000001
ASUR,6.63,9,2.37
ASX,4.14,5,0.8600000000000003
ASYS,5.17,6.25,1.08
AT,2.15,2.52,0.3700000000000001
ATAX,4.54,8.5,3.96
ATCO,8.17,10,1.83
ATCO-D,0,0,0
ATCO-E,0,0,0
ATCO-G,0,0,0
ATCO-H,0,0,0
ATCO-I,0,0,0
ATCX,8.03,11,2.9700000000000006
ATCXW,0.6,0,-0.6
ATEC,5.65,9,3.3499999999999996
ATEN,8.12,9.5,1.3800000000000008
ATEX,45.44,70,24.560000000000002
ATGE,33.16,39,5.840000000000003
ATH,35.37,38,2.6300000000000026
ATH-C,0,0,0
ATHE,2.49,4,1.5099999999999998
ATHM,87.71,86.72,-0.9899999999999949
ATHX,2.35,10.5,8.15
ATI,8.28,13,4.720000000000001
ATIF,1.3,0,-1.3
ATKR,29.28,29.5,0.21999999999999886
ATLC,9.7,3,-6.699999999999999
ATLO,19.51,0,-19.51
ATMP,10.91,0,-10.91
ATNI,58.31,64,5.689999999999998
ATNM,9.28,2.75,-6.529999999999999
ATNX,10.33,29,18.67
ATO,100.84,110,9.159999999999997
ATOM,11.89,10.5,-1.3900000000000006
ATOS,3.38,4,0.6200000000000001
ATR,117.8,118,0.20000000000000284
ATRA,12.67,27.5,14.83
ATRC,40.23,54,13.770000000000003
ATRI,662.49,300,-362.49
ATRO,9.32,7,-2.3200000000000003
ATRS,2.72,6.5,3.78
ATSG,25.83,27,1.1700000000000017
ATTO,10.19,4,-6.1899999999999995
ATUS,26.52,33,6.48
ATV,14.88,4,-10.88
ATVI,83.21,84,0.7900000000000063
ATXI,11.64,12,0.35999999999999943
AU,27.9,25,-2.8999999999999986
AUB,23.28,28,4.719999999999999
AUBAP,26,0,-26
AUBN,42.37,0,-42.37
AUDC,34.27,33,-1.2700000000000031
AUG,2.24,3.14,0.8999999999999999
AUGZ,25.6105,0,-25.6105
AUMN,0.424,0.7,0.27599999999999997
AUPH,15,11.5,-3.5
AUSF,22.31,0,-22.31
AUTL,15.72,25,9.28
AUTO,2.78,2,-0.7799999999999998
AUY,5.98,3.9,-2.0800000000000005
AVA,35.65,41,5.350000000000001
AVAL,4.59,5.5,0.9100000000000001
AVAV,78.47,85,6.530000000000001
AVB,152.41,180,27.590000000000003
AVCO,1.54,0,-1.54
AVCT,4.81,0,-4.81
AVCTW,0.3,0,-0.3
AVD,13.73,19,5.27
AVDE,49.64,0,-49.64
AVDL,8.25,18,9.75
AVDV,47.348,0,-47.348
AVEM,52.174,0,-52.174
AVEO,4.82,24,19.18
AVGO,330.02,350,19.980000000000018
AVGOP,1181.3199,0,-1181.3199
AVGR,0.4719,2.15,1.6781
AVID,7.74,10.5,2.76
AVK,14.2,0.49,-13.709999999999999
AVLR,122.93,145,22.069999999999993
AVNS,31.3,32.5,1.1999999999999993
AVNT,25.93,30,4.07
AVNW,20.68,21.5,0.8200000000000003
AVRO,17.16,36.5,19.34
AVT,26.67,29,2.3299999999999983
AVTR,22.35,19,-3.3500000000000014
AVUS,54.706,0,-54.706
AVUV,44.16,0,-44.16
AVXL,4.39,11,6.61
AVY,114.58,120,5.420000000000002
AVYA,15.89,17,1.1099999999999994
AWAY,19.507,38,18.493
AWF,10.79,0,-10.79
AWH,2.76,47,44.24
AWI,74.17,85.75,11.579999999999998
AWK,143.64,139,-4.639999999999986
AWP,4.8,0,-4.8
AWR,76.51,80,3.489999999999995
AWRE,2.8,6,3.2
AWTM,49.635,0,-49.635
AWX,1.6,0,-1.6
AX,24.13,27,2.870000000000001
AXAS,0.1766,0.15,-0.026600000000000013
AXDX,13.54,13.5,-0.03999999999999915
AXGN,10.89,15,4.109999999999999
AXGT,3.15,13,9.85
AXL,6.91,4.5,-2.41
AXLA,5.32,18,12.68
AXNX,44.25,46.5,2.25
AXO,25.373,0,-25.373
AXP,96.15,105,8.849999999999994
AXR,4.7,0,-4.7
AXS,45.01,43.5,-1.509999999999998
AXS-E,0,0,0
AXSM,77.57,160.5,82.93
AXTA,23.8,22.5,-1.3000000000000007
AXTI,4.53,6,1.4699999999999998
AXU,2.66,2.23,-0.43000000000000016
AY,30.25,32.5,2.25
AYI,108.84,100,-8.840000000000003
AYLA,12.45,23.5,11.05
AYRO,3.2,0,-3.2
AYTU,1.28,3.75,2.4699999999999998
AYX,111.82,149,37.18000000000001
AZAA,26.32,0,-26.32
AZAL,0,0,0
AZBA,0,0,0
AZBL,25.776,0,-25.776
AZEK,41.03,0,-41.03
AZN,55.71,58.3,2.5899999999999963
AZO,1209.07,1280,70.93000000000006
AZPN,123.46,114,-9.459999999999994
AZRE,22.81,19,-3.8099999999999987
AZRX,0.86,3,2.14
AZUL,11.58,10.7,-0.8800000000000008
AZZ,33.87,44.25,10.380000000000003
B,37.45,38,0.5499999999999972
BA,167.5,153,-14.5
BAB,33.63,0,-33.63
BABA,265.8,256.94,-8.860000000000014
BAC,24.98,27.5,2.5199999999999996
BAC-C,0,0,0
BAC-E,0,0,0
BAC-K,0,0,0
BAC-L,0,0,0
BAC-M,0,0,0
BAC-N,0,0,0
BAF,14.98,0,-14.98
BAH,86.32,84,-2.319999999999993
BAK,8.58,16,7.42
BAL,38.0781,0,-38.0781
BAM,33.85,41.5,7.649999999999999
BANC,11.21,12.25,1.0399999999999991
BANC-D,0,0,0
BANC-E,0,0,0
BAND,156.1,120,-36.099999999999994
BANF,44.23,37,-7.229999999999997
BANFP,28.68,0,-28.68
BANR,34.665,41.5,6.835000000000001
BANX,19.05,20,0.9499999999999993
BAP,126.15,219.45,93.29999999999998
BAPR,28.691,0,-28.691
BAR,19.27,0,-19.27
BASI,4.71,2.15,-2.56
BATL,7.875,0,-7.875
BATRA,19.58,35.66,16.08
BATRK,19.4,19,-0.3999999999999986
BATT,10.48,0,-10.48
BAUG,27.98,0,-27.98
BAX,83.09,98,14.909999999999997
BB,4.75,5.5,0.75
BBAR,3.32,3.5,0.18000000000000016
BBAX,23.63,0,-23.63
BBBY,11.67,10,-1.67
BBC,40.79,13,-27.79
BBCA,24.81,0,-24.81
BBCP,3.77,3.75,-0.020000000000000018
BBD,3.68,6.17,2.4899999999999998
BBDC,8.2,8.5,0.3000000000000007
BBDO,3.4,0,-3.4
BBEU,23.5,0,-23.5
BBF,13.24,0,-13.24
BBGI,1.69,5,3.31
BBH,157.09,0,-157.09
BBI,0.83,0,-0.83
BBIN,48.9,0,-48.9
BBIO,28.17,43.5,15.329999999999998
BBJP,24.07,0,-24.07
BBK,15.42,0,-15.42
BBL,45.11,33.09,-12.019999999999996
BBMC,63.561,0,-63.561
BBN,26.48,0,-26.48
BBP,44.5173,0,-44.5173
BBQ,4.62,2.5,-2.12
BBRE,74.02,0,-74.02
BBSA,26.28,0,-26.28
BBSI,58.13,74,15.869999999999997
BBU,34.13,38,3.8699999999999974
BBUS,61.988,0,-61.988
BBVA,2.83,2.7,-0.1299999999999999
BBW,2.2,5.75,3.55
BBX,14.86,32.5,17.64
BBY,114,100,-14
BC,62.37,66,3.6300000000000026
BC-C,0,0,0
BCBP,8.09,9.5,1.4100000000000001
BCC,47.65,34,-13.649999999999999
BCD,23.095,0,-23.095
BCDA,2.56,22,19.44
BCDAW,0.9796,0,-0.9796
BCE,43.58,48.01,4.43
BCEI,19.81,22,2.1900000000000013
BCEL,14.49,29.5,15.01
BCH,17.45,19.75,2.3000000000000007
BCI,20.11,0,-20.11
BCLI,12.87,17.5,4.630000000000001
BCM,27.3,0,-27.3
BCML,11.19,16.75,5.5600000000000005
BCO,44.21,80,35.79
BCOM,2.21,21.39,19.18
BCOR,11.77,21.5,9.73
BCOV,11.24,12,0.7599999999999998
BCOW,8.68,0,-8.68
BCPC,99.4,104,4.599999999999994
BCRX,4.165,9,4.835
BCS,5.61,6,0.3899999999999997
BCSF,10.39,11.88,1.4900000000000002
BCTF,0,0,0
BCV,26.74,0,-26.74
BCX,6.46,0,-6.46
BCYC,18.28,23.5,5.219999999999999
BDC,33.75,37,3.25
BDCS,14.02,0,-14.02
BDCX,24.527,0,-24.527
BDCY,7.304,0,-7.304
BDCZ,13.97,0,-13.97
BDEC,28.128,0,-28.128
BDGE,20.01,24.5,4.489999999999998
BDJ,7.5,0,-7.5
BDL,16.39,0,-16.39
BDN,10.85,11.5,0.6500000000000004
BDR,0.99,0,-0.99
BDRY,8.11,0,-8.11
BDSI,4.72,8,3.2800000000000002
BDTX,30.07,51,20.93
BDX,257.72,266,8.279999999999973
BDXB,55.6,0,-55.6
BE,17.06,12,-5.059999999999999
BEAM,26.03,32,5.969999999999999
BEAT,40.25,58,17.75
BECN,31.8,30,-1.8000000000000007
BEDU,7.78,7.58,-0.20000000000000018
BEKE,41.87,0,-41.87
BELFA,11.65,20,8.35
BELFB,11.91,18.5,6.59
BEN,20.99,21,0.010000000000001563
BEP,46.14,35.5,-10.64
BEPC,51.1,0,-51.1
BERY,52.59,52,-0.5900000000000034
BEST,4.17,5.99,1.8200000000000003
BETZ,18.3,0,-18.3
BF.A,66.03,0,-66.03
BF.B,72.08,56,-16.08
BFAM,128.57,121.5,-7.069999999999993
BFC,63.59,61,-2.5900000000000034
BFEB,25.51,0,-25.51
BFIN,7.34,11.25,3.91
BFIT,21.345,0,-21.345
BFK,14.16,0,-14.16
BFO,14.74,0,-14.74
BFOR,42.81,0,-42.81
BFRA,10.7,15.5,4.800000000000001
BFS,27.52,32,4.48
BFS-D,0,0,0
BFS-E,0,0,0
BFST,12.13,16.5,4.369999999999999
BFY,14.15,0,-14.15
BFYT,31,31,0
BFZ,13.71,0,-13.71
BG,46.77,63,16.229999999999997
BGB,12.01,0,-12.01
BGCP,2.43,8,5.57
BGFV,6.25,5,-1.25
BGH,13.2,42.5,29.3
BGI,0.735,0,-0.735
BGIO,8.5,0,-8.5
BGNE,240.52,213,-27.52000000000001
BGR,6.96,0,-6.96
BGRN,55.56,0,-55.56
BGS,30.06,19,-11.059999999999999
BGSF,9.66,15.25,5.59
BGT,11.24,0,-11.24
BGX,12.56,0,-12.56
BGY,5.48,0,-5.48
BH,91.81,0,-91.81
BH.A,450.51,0,-450.51
BHAT,1.01,0,-1.01
BHB,20.54,39,18.46
BHC,16.39,24,7.609999999999999
BHE,19.82,28,8.18
BHF,28.46,30.5,2.039999999999999
BHFAL,27.05,0,-27.05
BHFAO,26.75,0,-26.75
BHFAP,27.36,0,-27.36
BHK,15.83,0,-15.83
BHLB,9.12,14,4.880000000000001
BHP,54.51,50.35,-4.159999999999997
BHR,2.25,5,2.75
BHR-D,0,0,0
BHTG,1.39,3.5,2.1100000000000003
BHV,16.13,0,-16.13
BHVN,62.84,85,22.159999999999997
BIB,67.52,0,-67.52
BIBL,32.96,0,-32.96
BICK,29.2869,0,-29.2869
BIDU,122.45,138.24,15.790000000000006
BIF,10.15,0,-10.15
BIG,51.48,42,-9.479999999999997
BIGC,76.1,0,-76.1
BIIB,277.07,293.5,16.430000000000007
BIL,91.54,0,-91.54
BILI,44.99,40.86,-4.130000000000003
BILL,96.71,85,-11.709999999999994
BIMI,1.95,12.5,10.55
BIO,517.95,455,-62.950000000000045
BIO.B,519.65,0,-519.65
BIOC,0.7334,1,0.26659999999999995
BIOL,0.3766,2,1.6234
BIOX,5.03,12.5,7.47
BIP,44.7,48,3.299999999999997
BIPC,51.41,0,-51.41
BIS,33.39,0,-33.39
BIT,16.11,0,-16.11
BITA,15.8,12.77,-3.030000000000001
BIV,93.79,0,-93.79
BIZD,12.03,0,-12.03
BJ,46.08,40,-6.079999999999998
BJAN,30.41,0,-30.41
BJK,38.1,0,-38.1
BJRI,26.22,22,-4.219999999999999
BJUL,28.52,0,-28.52
BJUN,29.632,0,-29.632
BK,35.73,43.5,7.770000000000003
BK-C,0,0,0
BKAG,50.85,0,-50.85
BKCC,2.72,3.4,0.6799999999999997
BKD,2.76,5,2.24
BKE,19.45,14,-5.449999999999999
BKEM,62.307,0,-62.307
BKEP,1.58,1,-0.5800000000000001
BKEPP,5.96,0,-5.96
BKF,46.5896,0,-46.5896
BKH,56.68,72,15.32
BKHY,54.534,0,-54.534
BKI,80.72,80,-0.7199999999999989
BKIE,59.91,0,-59.91
BKK,15.06,0,-15.06
BKLC,64.929,0,-64.929
BKLN,21.77,0,-21.77
BKMC,65.75,0,-65.75
BKN,15.82,0,-15.82
BKNG,1779.37,1650,-129.3699999999999
BKR,15.45,20,4.550000000000001
BKSB,51.71,0,-51.71
BKSC,16.44,0,-16.44
BKSE,66.69,0,-66.69
BKT,6.22,0,-6.22
BKTI,3.08,7,3.92
BKU,21.79,24,2.210000000000001
BKYI,0.6702,2,1.3298
BL,75.595,63.5,-12.094999999999999
BLBD,11.53,17,5.470000000000001
BLCM,6.45,18,11.55
BLCN,36.816,0,-36.816
BLCT,14.93,0,-14.93
BLD,157.38,136.5,-20.879999999999995
BLDP,16.215,10.74,-5.475
BLDR,28.615,24,-4.614999999999998
BLE,15.05,0,-15.05
BLES,28.399,0,-28.399
BLFS,20.31,24,3.6900000000000013
BLHY,23.37,0,-23.37
BLI,63.3,0,-63.3
BLIN,2.02,4.2,2.18
BLK,584.04,520,-64.03999999999996
BLKB,65.545,60,-5.545000000000002
BLL,76.62,80,3.3799999999999955
BLMN,12.24,13.5,1.2599999999999998
BLNK,6.8,5,-1.7999999999999998
BLNKW,3.41,0,-3.41
BLOK,24.65,0,-24.65
BLPH,11.85,30,18.15
BLRX,2.09,11,8.91
BLU,2.62,0,-2.62
BLUE,58.92,109,50.08
BLV,114.05,0,-114.05
BLW,15.07,0,-15.07
BLX,12.17,24,11.83
BMA,18.22,25.5,7.280000000000001
BMAR,28.315,0,-28.315
BMAY,28.31,0,-28.31
BMCH,32.93,29,-3.9299999999999997
BME,42.96,0,-42.96
BMEZ,23.6,0,-23.6
BMI,64.26,53.5,-10.760000000000005
BML-G,0,0,0
BML-H,0,0,0
BML-J,0,0,0
BML-L,0,0,0
BMLP,32.3,0,-32.3
BMO,57.27,84.59,27.32
BMRA,7.72,6.25,-1.4699999999999998
BMRC,31.86,31,-0.8599999999999994
BMRG,10.06,0,-10.06
BMRG=,0,0,0
BMRN,75.03,114,38.97
BMTC,26.49,31,4.510000000000002
BMY,62.19,73,10.810000000000002
BMY^,0,0,0
BND,88.77,0,-88.77
BNDC,27.105,0,-27.105
BNDW,81.93,0,-81.93
BNDX,58.05,0,-58.05
BNED,2.27,3.25,0.98
BNFT,10.835,15,4.164999999999999
BNGO,0.64,1.5,0.86
BNGOW,0.22,0,-0.22
BNKD,12.678,0,-12.678
BNKO,26.533,0,-26.533
BNKU,11.95,0,-11.95
BNKZ,27.614,0,-27.614
BNO,11.5,0,-11.5
BNOV,27.864,0,-27.864
BNR,22.6,31.65,9.049999999999997
BNS,42.13,73.32,31.18999999999999
BNSO,2.84,0,-2.84
BNTC,7.39,14,6.61
BNTX,73.02,43.36,-29.659999999999997
BNY,13.81,0,-13.81
BOCH,7.42,8.25,0.8300000000000001
BOCT,27.49,0,-27.49
BOE,9.78,0,-9.78
BOH,55.36,66.5,11.14
BOIL,45.18,0,-45.18
BOKF,54.83,60,5.170000000000002
BOKFL,26.05,0,-26.05
BOMN,16.99,25.5,8.510000000000002
BOND,112.71,0,-112.71
BOOM,33.9,32.5,-1.3999999999999986
BOOT,25.35,19,-6.350000000000001
BORR,0.927,3.7,2.773
BOSC,2.75,0,-2.75
BOSS,24.904,0,-24.904
BOTJ,10.63,0,-10.63
BOTZ,26.8,0,-26.8
BOUT,24.39,0,-24.39
BOWXU,10,0,-10
BOX,17.76,24,6.239999999999998
BOXL,1.84,2.5,0.6599999999999999
BP,21.46,30,8.54
BPFH,5.765,8.75,2.9850000000000003
BPMC,74.37,100,25.629999999999995
BPMP,11.58,14,2.42
BPOP,36.91,53.5,16.590000000000003
BPOPM,25.65,0,-25.65
BPOPN,26.21,0,-26.21
BPRN,19.31,20.75,1.4400000000000013
BPT,2.43,6,3.57
BPTH,5.16,18,12.84
BPY,11.85,15,3.1500000000000004
BPYPN,19.97,0,-19.97
BPYPO,21.92,0,-21.92
BPYPP,22.4,0,-22.4
BPYU,11.64,0,-11.64
BPYUP,18.84,0,-18.84
BQH,16.13,0,-16.13
BR,136.87,135,-1.8700000000000045
BRBR,19.97,24,4.030000000000001
BRBS,13.8,0,-13.8
BRC,47.39,44,-3.3900000000000006
BREW,15.89,16.5,0.6099999999999994
BRF,17.4115,0,-17.4115
BRFS,3.68,5,1.3199999999999998
BRG,7.23,8,0.7699999999999996
BRG-C,0,0,0
BRG-D,0,0,0
BRID,18.12,7.93,-10.190000000000001
BRK.A,311126,334000,22874
BRK.B,207.43,217.5,10.069999999999993
BRKL,9.51,11,1.4900000000000002
BRKR,42.32,41,-1.3200000000000003
BRKS,50.9,43,-7.899999999999999
BRLI,9.81,32,22.189999999999998
BRLIR,0.15,0,-0.15
BRLIU,10.05,0,-10.05
BRLIW,0.131,0,-0.131
BRMK,9.72,11,1.2799999999999994
BRN,0.84,0,-0.84
BRO,45.52,38,-7.520000000000003
BROG,9.17,0,-9.17
BROGW,0.52,0,-0.52
BRP,23.28,13,-10.280000000000001
BRPA,10.7,0,-10.7
BRPAR,0.24,0,-0.24
BRPAU,13.443,0,-13.443
BRPAW,0.2,0,-0.2
BRQS,0.882,12,11.118
BRT,11.86,13,1.1400000000000006
BRX,11.63,13.5,1.8699999999999992
BRY,3.86,4.5,0.6400000000000001
BRZU,77.28,0,-77.28
